"LMIC_group","LMIC_pop_rate","LMIC_cases_rate","LMIC_test_rate","LMIC_sequ_rate"
"HICs",16.1863173255081,80.4605314168248,66.4879052372458,92.4957708593824
"LMICs",83.8136826744919,19.5394685831752,33.5120947627542,7.50422914061761
