"LMIC_group","LMIC_pop_rate","LMIC_cases_rate","LMIC_test_rate","LMIC_sequ_rate"
"HICs",16.1863173255081,82.7987052893813,52.890770991858,91.8511217479574
"LMICs",83.8136826744919,17.2012947106187,47.109229008142,8.14887825204257
