"LMIC_group","LMIC_pop_rate","LMIC_cases_rate","LMIC_test_rate","LMIC_sequ_rate"
"HICs",16.1863173255081,76.8710845425676,66.5084486998972,92.7014850274562
"LMICs",83.8136826744919,23.1289154574324,33.4915513001028,7.29851497254383
