"LMIC_group","LMIC_pop_rate","LMIC_cases_rate","LMIC_test_rate","LMIC_sequ_rate"
"HICs",16.1863173255081,69.7503392873829,67.149706349762,93.0642563186808
"LMICs",83.8136826744919,30.2496607126171,32.850293650238,6.93574368131916
