"LMIC_group","LMIC_pop_rate","LMIC_cases_rate","LMIC_test_rate","LMIC_sequ_rate"
"HICs",16.1863173255081,67.2664187599462,65.5162376155151,92.9746301551004
"LMICs",83.8136826744919,32.7335812400538,34.4837623844849,7.02536984489963
