"LMIC_group","LMIC_pop_rate","LMIC_cases_rate","LMIC_test_rate","LMIC_sequ_rate"
"HICs",16.1863173255081,61.1445233764823,63.4874206126239,92.5841148391981
"LMICs",83.8136826744919,38.8554766235177,36.5125793873761,7.41588516080194
