"LMIC_group","LMIC_pop_rate","LMIC_cases_rate","LMIC_test_rate","LMIC_sequ_rate"
"HICs",16.1863173255081,61.141842820093,63.3741684351635,92.5841148391981
"LMICs",83.8136826744919,38.858157179907,36.6258315648365,7.41588516080194
