"LMIC_group","LMIC_pop_rate","LMIC_cases_rate","LMIC_test_rate","LMIC_sequ_rate"
"HICs",16.1863173255081,64.801516228556,64.7648117917462,92.7961560156027
"LMICs",83.8136826744919,35.198483771444,35.2351882082538,7.20384398439729
