"LMIC_group","LMIC_pop_rate","LMIC_cases_rate","LMIC_test_rate","LMIC_sequ_rate"
"HICs",16.1863173255081,74.8937764032802,69.170860173755,92.6495798598667
"LMICs",83.8136826744919,25.1062235967198,30.829139826245,7.35042014013331
