"LMIC_group","LMIC_pop_rate","LMIC_cases_rate","LMIC_test_rate","LMIC_sequ_rate"
"HICs",16.1863173255081,74.2670703005365,68.9153203260523,93.2032106297581
"LMICs",83.8136826744919,25.7329296994635,31.0846796739477,6.79678937024187
