"LMIC_group","LMIC_pop_rate","LMIC_cases_rate","LMIC_test_rate","LMIC_sequ_rate"
"HICs",16.1863173255081,72.9779061243079,68.3343469991529,93.3015398849448
"LMICs",83.8136826744919,27.0220938756921,31.6656530008471,6.69846011505521
