"LMIC_group","LMIC_pop_rate","LMIC_cases_rate","LMIC_test_rate","LMIC_sequ_rate"
"HICs",16.1863173255081,75.0817878952586,68.5603718153625,92.7126681363004
"LMICs",83.8136826744919,24.9182121047414,31.4396281846375,7.28733186369965
