"LMIC_group","LMIC_pop_rate","LMIC_cases_rate","LMIC_test_rate","LMIC_sequ_rate"
"HICs",16.1863173255081,71.7210071041322,67.8699494184542,93.4259455637178
"LMICs",83.8136826744919,28.2789928958678,32.1300505815458,6.57405443628217
