"LMIC_group","LMIC_pop_rate","LMIC_cases_rate","LMIC_test_rate","LMIC_sequ_rate"
"HICs",16.1863173255081,57.683790545808,63.7629840186277,92.4913675231169
"LMICs",83.8136826744919,42.316209454192,36.2370159813723,7.50863247688313
