"LMIC_group","LMIC_pop_rate","LMIC_cases_rate","LMIC_test_rate","LMIC_sequ_rate"
"HICs",16.1863173255081,57.6836443804351,63.7927898607875,92.4913675231169
"LMICs",83.8136826744919,42.3163556195649,36.2072101392125,7.50863247688313
