"LMIC_group","LMIC_pop_rate","LMIC_cases_rate","LMIC_test_rate","LMIC_sequ_rate"
"HICs",16.1984271247969,57.7510134034744,63.8204191051753,93.3429824943737
"LMICs",83.801572875203,42.2489865965256,36.1795808948247,6.65701750562631
