"LMIC_group","LMIC_pop_rate","LMIC_cases_rate","LMIC_test_rate","LMIC_sequ_rate"
"HICs",16.1863173255081,80.4603811828645,66.4877710113582,92.5067226511639
"LMICs",83.8136826744919,19.5396188171355,33.5122289886418,7.49327734883609
